sim_time,world_x,world_y,world_yaw,state
0.004,-2.5,-4.9917070951466546e-21,1.1999999999999995,waiting
0.106,-2.499994670078208,-2.070523870707099e-06,1.1999999152828447,startup_and_global_localization
0.208,-2.4999756448576003,-1.1052276241902161e-05,1.239753019633256,startup_and_global_localization
0.308,-2.4997672116668395,-0.00011411989601089394,1.294653484776783,startup_and_global_localization
0.41,-2.4995398340275323,-0.00020340099532832455,1.3509072772725639,startup_and_global_localization
0.51,-2.49931733998568,-0.0002712598622642034,1.4061188418905086,startup_and_global_localization
0.612,-2.499092814813894,-0.000319305345466019,1.4624801995274448,startup_and_global_localization
0.714,-2.4988596414435627,-0.00035011807115905636,1.5188717645415615,startup_and_global_localization
0.816,-2.498640088565818,-0.0003588561373194402,1.5752760449742564,startup_and_global_localization
0.916,-2.4984271740791777,-0.00033088685803074326,1.6305741647329526,startup_and_global_localization
1.018,-2.4982410492799,-0.000297704401542322,1.6869589009602897,startup_and_global_localization
1.118,-2.4980222494869255,-0.00026857401043357175,1.742212683191372,startup_and_global_localization
1.22,-2.497803124783315,-0.00023809470713203462,1.7985048868827367,startup_and_global_localization
1.32,-2.497588054934834,-0.00020494764293906597,1.8536527585775942,startup_and_global_localization
1.422,-2.497367358274832,-0.0001555053185742976,1.9098112872989035,startup_and_global_localization
1.522,-2.4971605177596676,-0.0001110024420352297,1.9647804659967256,startup_and_global_localization
1.622,-2.496946694479764,-4.495424633914934e-05,2.0196342084059973,startup_and_global_localization
1.724,-2.496731629218298,3.897987584162969e-05,2.075443917828287,startup_and_global_localization
1.824,-2.4965219784335875,0.00013682843061288554,2.1299967165708766,startup_and_global_localization
1.926,-2.496317235598371,0.0002492932028317468,2.1854466331874036,startup_and_global_localization
2.028,-2.4960928536740026,0.00038544538781387443,2.240668527159395,startup_and_global_localization
2.128,-2.495872228592759,0.0005372367287053998,2.2945498234092345,startup_and_global_localization
2.228,-2.4956587968278003,0.0007035243332371812,2.3481347856166037,startup_and_global_localization
2.33,-2.495450292081242,0.0008920311596607852,2.4026668596603566,startup_and_global_localization
2.43,-2.4953187950135667,0.0011070265373441016,2.456407205719535,startup_and_global_localization
2.532,-2.4952599807327345,0.0013533908649819445,2.511509388865511,startup_and_global_localization
2.632,-2.4951488654339973,0.0015990825442021234,2.5657541748235686,startup_and_global_localization
2.732,-2.494997358099801,0.0018044040330685276,2.6202391140972883,startup_and_global_localization
2.834,-2.4948751050559683,0.002009274026313013,2.675990592893338,startup_and_global_localization
2.934,-2.4947716845812153,0.002220193476564123,2.7307961959401785,startup_and_global_localization
3.036,-2.4946895952999846,0.0024345247660318473,2.7868249594307137,startup_and_global_localization
3.136,-2.4946316378250897,0.002633918903143315,2.8418591852154678,startup_and_global_localization
3.236,-2.4945629198244696,0.002839437023150931,2.896969148570837,startup_and_global_localization
3.338,-2.494489967865358,0.003046618269486591,2.9532565075019472,startup_and_global_localization
3.438,-2.494453914986923,0.0032494197194519805,3.008500979293768,startup_and_global_localization
3.54,-2.4944535768745704,0.003455098884239326,3.064881489211337,startup_and_global_localization
3.64,-2.494447058311563,0.003661870013984206,3.120176602272388,startup_and_global_localization
3.74,-2.4944587631346793,0.003873817109773189,-3.107711586273708,startup_and_global_localization
3.842,-2.4944875186343234,0.0040846326259955535,-3.0513170771124942,startup_and_global_localization
3.942,-2.494522144335156,0.004291719872480151,-2.996049329870606,startup_and_global_localization
4.044,-2.494566214546004,0.004495385445695151,-2.9397157789265633,startup_and_global_localization
4.144,-2.494614268024604,0.004695145152369274,-2.8845412842651865,startup_and_global_localization
4.246,-2.4946778190402665,0.004899710644089636,-2.8283346264837683,startup_and_global_localization
4.348,-2.494755657835344,0.005106453822796487,-2.772218800705739,startup_and_global_localization
4.448,-2.494846135715453,0.0053036655517136,-2.7173106177093276,startup_and_global_localization
4.55,-2.4949522699252817,0.005499500936207656,-2.6614351377095096,startup_and_global_localization
4.65,-2.4950724365987047,0.005690929960931689,-2.6068065744415434,startup_and_global_localization
4.752,-2.4952098916480905,0.0058875327839142295,-2.5512663868539915,startup_and_global_localization
4.852,-2.4953588747641935,0.006077761291341006,-2.4970221475616996,startup_and_global_localization
4.954,-2.495508710119666,0.006272188667797891,-2.4419345711839626,startup_and_global_localization
5.054,-2.4956585078973426,0.006479591405857628,-2.3882074594172713,startup_and_global_localization
5.156,-2.4958291862996917,0.006690341670726202,-2.3337319358126933,startup_and_global_localization
5.256,-2.49602070800692,0.006845501345126579,-2.2802134002261387,startup_and_global_localization
5.358,-2.4962550405506367,0.006922080721106542,-2.2251938262820605,startup_and_global_localization
5.458,-2.4964963395930146,0.007021008831520134,-2.1710072069336306,startup_and_global_localization
5.56,-2.496717994579352,0.0071133069062325,-2.1155174365746285,startup_and_global_localization
5.66,-2.496928669756594,0.0072126453372423635,-2.0609311238399983,startup_and_global_localization
5.762,-2.4971278070408,0.007365031859394812,-2.0050818036826383,startup_and_global_localization
5.862,-2.497293929850207,0.007545878383169843,-1.950205915585242,startup_and_global_localization
5.964,-2.497467837518206,0.007686528253616948,-1.8941177439429377,startup_and_global_localization
6.066,-2.4976519862299713,0.0078028180573595845,-1.8379333587924884,startup_and_global_localization
6.166,-2.497837446447515,0.007892214643324555,-1.782775276185931,startup_and_global_localization
6.268,-2.4980261611166,0.007958458829178503,-1.7264543681775035,startup_and_global_localization
6.368,-2.498216976725635,0.0080286287333419,-1.671190455154776,startup_and_global_localization
6.47,-2.498409866130679,0.008078674525449544,-1.6147986022464484,startup_and_global_localization
6.57,-2.4985991447986966,0.008108964050768165,-1.5595001014944951,startup_and_global_localization
6.672,-2.4987945748405287,0.008125915284460758,-1.5030980871574555,startup_and_global_localization
6.772,-2.498987153397542,0.008129759595088283,-1.447819145435511,startup_and_global_localization
6.874,-2.4991810461770827,0.008094411703117081,-1.3914574097847316,startup_and_global_localization
6.974,-2.499369407658935,0.008039869745024299,-1.3362556974486532,startup_and_global_localization
7.076,-2.4995586080145062,0.007971335302550377,-1.280015042106153,startup_and_global_localization
7.176,-2.4997430923704043,0.00789464266210858,-1.224957915447271,startup_and_global_localization
7.278,-2.499929668555151,0.007797299788629717,-1.1689081846039056,startup_and_global_localization
7.378,-2.500108981421282,0.0076859761351465924,-1.114069720336048,startup_and_global_localization
7.48,-2.5002924245517537,0.007565892582240112,-1.0582787701571257,startup_and_global_localization
7.582,-2.500468700136194,0.0074329488301439215,-1.0026591347721563,startup_and_global_localization
7.682,-2.500645015276296,0.007291141505223606,-0.9483244252492781,startup_and_global_localization
7.784,-2.500823554603157,0.00713393968248591,-0.8931339453393705,startup_and_global_localization
7.884,-2.5009987523241586,0.006965487294164292,-0.8392887680917771,startup_and_global_localization
7.986,-2.5011759875032094,0.006776789041791384,-0.7846791261094642,startup_and_global_localization
8.086,-2.501355960104173,0.006585271709176385,-0.7313319981986918,startup_and_global_localization
8.188,-2.501538003884077,0.00640075964767811,-0.6764314685376671,startup_and_global_localization
8.29,-2.501689125443451,0.006218875933769425,-0.621252764536831,startup_and_global_localization
8.39,-2.50180753585542,0.006032320893568144,-0.5669353002305642,startup_and_global_localization
8.492,-2.5019189251763345,0.005840795439521637,-0.5113314436862996,startup_and_global_localization
8.594,-2.502007005594741,0.005651301716902261,-0.45555419015596516,startup_and_global_localization
8.694,-2.5020842880161487,0.005464448654660262,-0.40072724280308925,startup_and_global_localization
8.796,-2.502150555019056,0.005275690029715567,-0.3446803470888578,startup_and_global_localization
8.896,-2.502204615668487,0.005091290315946758,-0.2896319135199663,startup_and_global_localization
8.998,-2.5022729097324654,0.00490772637949726,-0.23338579301122558,startup_and_global_localization
9.098,-2.502336351277565,0.00472949486833969,-0.1781879701071186,startup_and_global_localization
9.2,-2.502381727612645,0.004550703761663187,-0.12183645033193308,startup_and_global_localization
9.3,-2.5024153336436745,0.004373539944232397,-0.06655661620937849,startup_and_global_localization
9.402,-2.502438961306535,0.004192990982381937,-0.01015267130572756,startup_and_global_localization
9.502,-2.5024532512029487,0.0040147835856694635,0.04514873282285899,startup_and_global_localization
9.604,-2.5024502603533927,0.003836643014225953,0.10154457057269739,startup_and_global_localization
9.704,-2.502440138229018,0.003658161253120226,0.15680839586368564,startup_and_global_localization
9.806,-2.5024207042778652,0.003475234079659279,0.21313509635641084,startup_and_global_localization
9.906,-2.50239254235754,0.003293890680595336,0.2682999050400527,startup_and_global_localization
10.008,-2.5023479006975524,0.00312629199323848,0.32449219810084595,startup_and_global_localization
10.108,-2.502277669668313,0.002951563668179976,0.37947827138152906,startup_and_global_localization
10.21,-2.502178625970879,0.0027843530219967155,0.4354612417863442,startup_and_global_localization
10.312,-2.502085651663788,0.002610138116158103,0.4912988064855736,startup_and_global_localization
10.412,-2.5020090945373847,0.002435915834210206,0.5458935992255548,startup_and_global_localization
10.514,-2.5019193600316982,0.0022413331778392822,0.601393500784221,startup_and_global_localization
10.614,-2.501817920645178,0.002063703864483876,0.6555920432684805,startup_and_global_localization
10.716,-2.5017023732708195,0.0018712394017368003,0.7106214890129352,startup_and_global_localization
10.816,-2.501575936644073,0.0016909596151291556,0.7642835555979578,startup_and_global_localization
10.918,-2.5014298318134527,0.0015030618750753596,0.8187895403642762,startup_and_global_localization
11.018,-2.50126478178271,0.0013920681753293268,0.872465669333277,startup_and_global_localization
11.12,-2.501061908302684,0.001331521822057042,0.9274808877109529,startup_and_global_localization
11.22,-2.5008485652146506,0.0012764231134418202,0.9817089090804489,startup_and_global_localization
11.322,-2.5006502308772447,0.0011882936965162184,1.0372420910441345,startup_and_global_localization
11.422,-2.50047456704262,0.0010943144307316603,1.0918574071023373,startup_and_global_localization
11.524,-2.500302598664493,0.00101243052293685,1.1477198951296854,startup_and_global_localization
11.624,-2.500138331728545,0.000936900992443246,1.2026067380025391,startup_and_global_localization
11.726,-2.4999888699793344,0.00078623925079507,1.25869013743171,startup_and_global_localization
11.828,-2.4998382787464237,0.0006919464582804711,1.3148903085559878,startup_and_global_localization
11.928,-2.499675187184515,0.0006323397908703658,1.370063388034095,startup_and_global_localization
12.03,-2.499511955634515,0.0005950294447872285,1.4263968174206334,startup_and_global_localization
12.13,-2.499351000054689,0.0005771358773034304,1.4816649246239997,startup_and_global_localization
12.232,-2.4991882214432874,0.0005717632699924542,1.5380631830303426,startup_and_global_localization
12.332,-2.4990267187697155,0.000574155330714618,1.5933649104300316,startup_and_global_localization
12.434,-2.49887349036837,0.0005967101625864181,1.6497673015006937,startup_and_global_localization
12.534,-2.4987142333299355,0.0006218690859449623,1.705043641336048,startup_and_global_localization
12.636,-2.4985544113358555,0.0006572289265404468,1.7613893988102134,startup_and_global_localization
12.736,-2.498398354115055,0.0007000638799236047,1.8165796231653288,startup_and_global_localization
12.838,-2.4982365683757912,0.0007511092973659604,1.872805015143109,startup_and_global_localization
12.938,-2.498085874373986,0.0008164152414954402,1.9278436267338088,startup_and_global_localization
13.04,-2.4979385432686216,0.0008920334532638009,1.9838775302666565,startup_and_global_localization
13.14,-2.4977941738730958,0.0009488074780834261,2.0386682542689742,startup_and_global_localization
13.242,-2.4976740942806623,0.0010345456706402853,2.0944244176847646,startup_and_global_localization
13.344,-2.497559980247083,0.0011531939493714465,2.150003681678069,startup_and_global_localization
13.444,-2.497456145149873,0.0012819732165607167,2.2042927299262987,startup_and_global_localization
13.546,-2.4973498134090555,0.0014044572957430301,2.2594371696709854,startup_and_global_localization
13.646,-2.4972455858887814,0.001526516360672264,2.313220815516571,startup_and_global_localization
13.748,-2.4971457803985984,0.001653680568364121,2.3677680759729425,startup_and_global_localization
13.848,-2.497053334746319,0.0017658899564235143,2.421325084525529,startup_and_global_localization
13.95,-2.4969480437707254,0.0018563944774594868,2.476257994492376,startup_and_global_localization
14.05,-2.496823181498999,0.0019149526235634276,2.530362383378889,startup_and_global_localization
14.152,-2.496706765580608,0.0019502702155552274,2.585802261804035,startup_and_global_localization
14.252,-2.4966330210732215,0.0019824284540323734,2.6403509566674983,startup_and_global_localization
14.354,-2.4965843991958088,0.002013443895185598,2.696157181669039,startup_and_global_localization
14.454,-2.49655604096679,0.002038159639907526,2.7510080839232476,startup_and_global_localization
14.556,-2.496541820729298,0.0020545570233713047,2.807075292977121,startup_and_global_localization
14.656,-2.4965387607821588,0.002059980907497088,2.862140299656327,startup_and_global_localization
14.758,-2.496543731076173,0.0020532322940789217,2.9183869509760254,startup_and_global_localization
14.858,-2.4965540945717115,0.0020338636841813673,2.9735924838016174,startup_and_global_localization
14.96,-2.4965681281854293,0.00200057332758763,3.0299485930055203,startup_and_global_localization
15.062,-2.496583713096703,0.001953260540217076,3.086335584525434,startup_and_global_localization
15.162,-2.4965825698277215,0.0018854830397815367,-3.141570641563759,startup_and_global_localization
15.264,-2.496556574851298,0.0018011886638307991,-3.085164792951192,startup_and_global_localization
15.364,-2.496502478049485,0.0017173245305875846,-3.0298782727410236,startup_and_global_localization
15.466,-2.496407033773164,0.0016313838476184966,-2.9735217247825596,startup_and_global_localization
15.566,-2.4963078757534842,0.0015507254601424744,-2.9183087980958025,startup_and_global_localization
15.668,-2.4962162994350967,0.0014696821654457462,-2.8620533958522514,startup_and_global_localization
15.768,-2.496131890781539,0.0013897394988131029,-2.806978517945406,startup_and_global_localization
15.87,-2.496049535767527,0.001305886339807181,-2.7508996596596753,startup_and_global_localization
15.97,-2.4959775559012067,0.0012219979645759838,-2.6960356965304877,startup_and_global_localization
16.072,-2.4959007403912277,0.001133721229813057,-2.6402142150296366,startup_and_global_localization
16.172,-2.495819127010202,0.0010459098576735787,-2.585648394722432,startup_and_global_localization
16.274,-2.4957257787513822,0.0009576477920080996,-2.5301834813480104,startup_and_global_localization
16.376,-2.4956366336351965,0.0008648278876323668,-2.4749441827024206,startup_and_global_localization
16.478,-2.4955388284769535,0.0007689846735920201,-2.419968029951668,startup_and_global_localization
16.58,-2.495433343598139,0.0006691370950053686,-2.36529826704798,startup_and_global_localization
16.68,-2.4953156421149005,0.0005722899488288156,-2.31198956147839,startup_and_global_localization
16.78,-2.4952207531648676,0.00040506529113221515,-2.2582204776278965,startup_and_global_localization
16.882,-2.495157125270512,0.0002470409980257129,-2.203106239234867,startup_and_global_localization
16.984,-2.495088705604674,0.00012586801320279572,-2.1477400311600983,startup_and_global_localization
17.086,-2.495001195133103,3.291507370733545e-05,-2.092166029215998,startup_and_global_localization
17.186,-2.4948973649207735,-2.2946305787629474e-05,-2.0375034339353864,startup_and_global_localization
17.286,-2.4947774300422187,-5.1682279286183174e-05,-1.9826981304645903,startup_and_global_localization
17.388,-2.494658529862793,-9.105344860926199e-05,-1.926672259528716,startup_and_global_localization
17.49,-2.4945432690383846,-0.0001332836109259321,-1.8705386971258142,startup_and_global_localization
17.59,-2.4944299960009597,-0.00017233667538420907,-1.8154201672668246,startup_and_global_localization
17.69,-2.494315468969781,-0.0002059501969104621,-1.760234113830088,startup_and_global_localization
17.792,-2.4941994450935643,-0.00023860015154210753,-1.703891484354015,startup_and_global_localization
17.894,-2.494079306022271,-0.0002585544155139781,-1.6475116685437072,startup_and_global_localization
17.994,-2.4939635545231336,-0.00028243349217462697,-1.5922164872080775,startup_and_global_localization
18.094,-2.4938443943037116,-0.0002982522366740239,-1.536915375616647,startup_and_global_localization
18.196,-2.4937212145045144,-0.0002949916765690426,-1.480529552410122,startup_and_global_localization
18.298,-2.4935976610578257,-0.0002411355102189433,-1.424157156815054,startup_and_global_localization
18.398,-2.493477963547871,-0.00021257429581781327,-1.3689281793855723,startup_and_global_localization
18.498,-2.4933543246216154,-0.00018623829677071342,-1.3137500972056892,startup_and_global_localization
18.6,-2.493225706352764,-0.00015892234031525607,-1.257543770928404,startup_and_global_localization
18.702,-2.4930960618273192,-0.00011197895819814277,-1.2014239195098106,startup_and_global_localization
18.804,-2.492970011026823,-3.810259585531509e-05,-1.1454132220388897,startup_and_global_localization
18.904,-2.4928504101956683,4.425038457618715e-05,-1.0906339095054522,startup_and_global_localization
19.004,-2.4927294361767767,0.0001203618658962205,-1.0360049348131937,startup_and_global_localization
19.106,-2.4926021908353064,0.0002034688447880478,-0.9804644009955796,startup_and_global_localization
19.208,-2.4924745881484287,0.0002971660907848194,-0.9251373969261871,startup_and_global_localization
19.308,-2.4923510808940597,0.0004027298056211656,-0.8711362524388744,startup_and_global_localization
19.408,-2.4922194010462824,0.0005085179436943104,-0.8174125053024074,startup_and_global_localization
19.51,-2.492081748287295,0.0006420730528378646,-0.7629003058819426,startup_and_global_localization
19.612,-2.491937654475739,0.0007987367144438894,-0.7082170169060154,startup_and_global_localization
19.712,-2.4917361107607405,0.0009077205242557211,-0.6543166428436076,startup_and_global_localization
19.812,-2.4915796887452015,0.0010171120863698686,-0.6001335668178317,startup_and_global_localization
19.914,-2.491443817008203,0.0011007987311881522,-0.5446471314597982,startup_and_global_localization
20.016,-2.4913299049685773,0.0012391682319620907,-0.4889785790137846,startup_and_global_localization
20.116,-2.4912416841692275,0.001371117729261751,-0.4342354766912541,startup_and_global_localization
20.216,-2.491181976033729,0.0015215320791461897,-0.37935957195969877,startup_and_global_localization
20.318,-2.491150513918213,0.0016911055180134737,-0.3232710865085297,startup_and_global_localization
20.42,-2.4911154730641702,0.0018311367497857677,-0.2670862646672006,startup_and_global_localization
20.522,-2.491087133343111,0.001977183380012477,-0.21082415341957478,startup_and_global_localization
20.622,-2.491072693649043,0.0021247336402634015,-0.1556071372427332,startup_and_global_localization
20.722,-2.4910544808269584,0.0022601953297329436,-0.10034817296015677,startup_and_global_localization
20.824,-2.49107016997242,0.0024212019124600853,-0.04395664501882963,startup_and_global_localization
20.926,-2.4911001855779564,0.002584522226560457,0.012446879080360825,startup_and_global_localization
21.026,-2.4911151217317498,0.0027258586724785545,0.06774134936113219,startup_and_global_localization
21.126,-2.491144712773549,0.0028753479588162654,0.12301713744250434,startup_and_global_localization
21.228,-2.4911810797641563,0.0030253966451738753,0.17936595282620693,startup_and_global_localization
21.33,-2.4912498837826536,0.003173109215201527,0.23564781787441638,startup_and_global_localization
21.43,-2.491338233978046,0.0033129194417559262,0.2907823190427224,startup_and_global_localization
21.53,-2.4914091701471985,0.003450506513488042,0.34583658560557395,startup_and_global_localization
21.632,-2.4914772130642637,0.0035949006290332533,0.4018906190825202,startup_and_global_localization
21.734,-2.491557632610721,0.003744521435554956,0.4578221179645827,startup_and_global_localization
21.836,-2.491655217451283,0.0038977331519765485,0.5136086076978992,startup_and_global_localization
21.936,-2.491733507641164,0.004056744270453251,0.5681353779683065,startup_and_global_localization
22.036,-2.4918124421749126,0.004222935180175639,0.6224661623761214,startup_and_global_localization
22.138,-2.491914011774672,0.004396465088706179,0.677652614060763,startup_and_global_localization
22.24,-2.4920404234174116,0.004570700767926503,0.7325677833291864,startup_and_global_localization
22.34,-2.4921843651094724,0.0047410281127375125,0.786100032273408,startup_and_global_localization
22.44,-2.4923532318564523,0.004893616578637556,0.839592692991702,startup_and_global_localization
22.542,-2.4925305795139097,0.004949759701742614,0.89443456750193,startup_and_global_localization
22.644,-2.4927537240982907,0.004993472070548643,0.9496041812903255,startup_and_global_localization
22.744,-2.492948823349024,0.005123787631535573,1.0038890811497152,startup_and_global_localization
22.844,-2.4931211645787394,0.005231233155344295,1.05840401259672,startup_and_global_localization
22.946,-2.493290158340688,0.0053263066573420986,1.1141812176294044,startup_and_global_localization
23.048,-2.493465141719947,0.0054019849494677434,1.1701062940289018,startup_and_global_localization
23.148,-2.493638326603743,0.005463920315346746,1.224191704878507,startup_and_global_localization
23.248,-2.493642954580393,0.005488679364252354,1.225030301406944,startup_and_global_localization
23.35,-2.493639276081139,0.005498929192996629,1.22503030208833,startup_and_global_localization
23.452,-2.4936399386871164,0.005497112901237463,1.2250303029758924,startup_and_global_localization
23.554,-2.4936409690053947,0.0054942666693136065,1.225030304150479,startup_and_global_localization
23.654,-2.4936424526361827,0.005490156736694965,1.2250303054129812,startup_and_global_localization
23.754,-2.4936447416644314,0.005483807708682688,1.2250303065824044,startup_and_global_localization
23.856,-2.493646743379766,0.005478254148449459,1.2250303076308424,startup_and_global_localization
23.958,-2.4936501522539634,0.005468793310978929,1.2250303079581502,startup_and_global_localization
24.058,-2.493650266207311,0.005468419759944757,1.2250303081626168,startup_and_global_localization
24.158,-2.4936511891370206,0.005465910723786723,1.2250303080519143,startup_and_global_localization
24.26,-2.4936540721613425,0.005457631845200646,1.2250303082866236,startup_and_global_localization
24.362,-2.4936618026001662,0.005436383182937604,1.225030308097076,startup_and_global_localization
24.462,-2.4936685893672443,0.005417508993977335,1.2250303078528126,startup_and_global_localization
24.562,-2.4936718538776685,0.005408547158402844,1.2250303075034885,startup_and_global_localization
24.664,-2.4936738253615878,0.005403010292249489,1.2250303070823745,startup_and_global_localization
24.766,-2.493673970891442,0.005402321551274991,1.2250303066507227,startup_and_global_localization
24.866,-2.493673436505967,0.00540415315108426,1.2250303061449785,startup_and_global_localization
24.966,-2.4936731588125096,0.005404661950300235,1.2250303058549294,startup_and_global_localization
25.068,-2.4936698916608644,0.00541442468816719,1.2250303053743477,startup_and_global_localization
25.17,-2.4936672626332785,0.005421214157426446,1.2250303046940618,startup_and_global_localization
25.272,-2.493664732639322,0.005427872559361364,1.2250303040675976,startup_and_global_localization
25.372,-2.493660239756973,0.005440721114598196,1.2250303037722217,startup_and_global_localization
25.472,-2.493656984922864,0.0054497285392802065,1.2250303032895105,startup_and_global_localization
25.574,-2.4936558778381603,0.005452829145038499,1.2250303026048313,startup_and_global_localization
25.676,-2.493652256134813,0.005462992533686093,1.2250303020686624,startup_and_global_localization
25.776,-2.4936465661979588,0.005478646162460494,1.2250303013877997,startup_and_global_localization
25.876,-2.4936404118167173,0.005495877004437337,1.2250303007322971,startup_and_global_localization
25.978,-2.493632284221349,0.005518171944731158,1.2250303003779957,startup_and_global_localization
26.08,-2.4936268550950014,0.00553332217969707,1.2250302998447669,startup_and_global_localization
26.18,-2.4936188263162555,0.005555683107041185,1.2250302991551274,startup_and_global_localization
26.28,-2.49361306236483,0.005572500388156276,1.2250302988305921,startup_and_global_localization
26.382,-2.493603830912782,0.005597241546156764,1.225030298203125,startup_and_global_localization
26.484,-2.493594174018267,0.005624170299318345,1.2250302978945886,startup_and_global_localization
26.586,-2.4935847731156504,0.0056506238376361866,1.2250302975960312,startup_and_global_localization
26.686,-2.4935746872181754,0.005678980047872952,1.2250302972204674,startup_and_global_localization
26.786,-2.493564648962155,0.005706920769466045,1.2250302968078208,startup_and_global_localization
26.888,-2.4935538403238953,0.0057369654758663,1.225030296411656,startup_and_global_localization
26.99,-2.4935435778686794,0.005765402510761038,1.2250302960994133,startup_and_global_localization
27.09,-2.493532856491897,0.005795225659969853,1.2250302958786021,startup_and_global_localization
27.19,-2.493521829067601,0.0058263381099834775,1.225030295507794,startup_and_global_localization
27.292,-2.4935107150830693,0.005857007108041884,1.2250302951276955,startup_and_global_localization
27.394,-2.4934992605847075,0.005887779721763961,1.2250302953281214,startup_and_global_localization
27.494,-2.4934886552048514,0.005917846562643606,1.2250302949420355,startup_and_global_localization
27.594,-2.4934780782474504,0.005947200044198011,1.2250302946230203,startup_and_global_localization
27.696,-2.493466971717558,0.005978201902596963,1.2250302944109266,startup_and_global_localization
27.798,-2.493456268123557,0.006008084748796561,1.2250302942136002,startup_and_global_localization
27.898,-2.4934455862057128,0.006037471229607538,1.225030294140035,startup_and_global_localization
27.998,-2.4934348441576573,0.006067306278778761,1.2250302942434772,startup_and_global_localization
28.1,-2.4934251346431218,0.006094472869920227,1.2250302943080549,navigate_east
28.202,-2.4798736587373496,0.001241725135758294,1.2250770395741832,navigate_east
28.304,-2.448469418139983,-0.01031890299041887,1.2249146669978537,navigate_east
28.404,-2.415720901654729,-0.022831458792298698,1.2247207993144533,navigate_east
28.504,-2.382931145378131,-0.03583079135756843,1.2246521314221939,navigate_east
28.606,-2.349605935536189,-0.04946506421194853,1.2249805816655794,navigate_east
28.708,-2.3164227277099383,-0.06348595134670967,1.2253094510838665,navigate_east
28.808,-2.284041421749899,-0.07759179930080606,1.2256346828980187,navigate_east
28.908,-2.251839173288642,-0.09205982023715455,1.225958313718999,navigate_east
29.01,-2.21915088805352,-0.10719307941152115,1.2262875826851618,navigate_east
29.112,-2.1866121457687813,-0.12267285344994978,1.226620823540743,navigate_east
29.212,-2.1547330403296674,-0.1379893711724963,1.226933375431113,navigate_east
29.312,-2.1228164248821093,-0.1532824972508548,1.2269544526992573,navigate_east
29.414,-2.0902501925683468,-0.1688768438770187,1.2267087787382251,navigate_east
29.516,-2.057730885596261,-0.18452801785928719,1.226446330459628,navigate_east
29.616,-2.0258546097493393,-0.1999047995816917,1.2261897373746693,navigate_east
29.716,-1.9940278790257173,-0.2153467451677733,1.2259190451832749,navigate_east
29.818,-1.9616383552489047,-0.23123175810080684,1.2256472474000963,navigate_east
29.92,-1.9293632181554747,-0.24732476713756352,1.225371514676848,navigate_east
30.022,-1.8972082293215748,-0.2636475815015357,1.2250883880129362,navigate_east
30.122,-1.865805872125779,-0.27988129468519884,1.2252931342254674,navigate_east
30.222,-1.834377008228469,-0.29618504032766896,1.2255546036094684,navigate_east
30.324,-1.8019874205004753,-0.31231086870398245,1.2258149383245376,navigate_east
30.426,-1.769468433480483,-0.3280986863037314,1.226095321949472,navigate_east
30.526,-1.7375611289598105,-0.34345355190164795,1.2263645359046602,navigate_east
30.626,-1.7056439530930407,-0.3587581929982863,1.226625052393421,navigate_east
30.728,-1.6731209162863419,-0.37440817711631735,1.2267859524074487,navigate_east
30.83,-1.6406410685197244,-0.39013520423780923,1.2264738650758802,navigate_east
30.93,-1.6088624748157134,-0.4056533832680399,1.2261667811170323,navigate_east
31.03,-1.5771806722649213,-0.421375267395961,1.225841988288519,navigate_east
31.132,-1.544975223333529,-0.43762439608705767,1.2255149628514794,navigate_east
31.234,-1.5127339075991448,-0.45388328432237757,1.2251743003699218,navigate_east
31.336,-1.4803903082558092,-0.4699879312393897,1.2248345269635623,navigate_east
31.436,-1.448708997817262,-0.4857705155781498,1.2245142612412414,navigate_east
31.536,-1.4170976543963105,-0.5016490573242185,1.2244634699815222,navigate_east
31.638,-1.3849715637758342,-0.5180394838253068,1.2247144594244117,navigate_east
31.74,-1.3529391642564967,-0.5346400613314436,1.224956039246946,navigate_east
31.84,-1.3216246233386988,-0.5510959561483266,1.2251870221457455,navigate_east
31.94,-1.2903952325612555,-0.567736595139802,1.2254118012425455,navigate_east
32.042,-1.2586348093981667,-0.5849164811368519,1.2256310941696946,navigate_east
32.142,-1.2276076844414907,-0.601942912779866,1.2256985172268602,navigate_east
32.244,-1.1958989137926064,-0.6192974365319036,1.2253436966410425,navigate_east
32.344,-1.1643765571161924,-0.6356726219079133,1.2249934101966784,navigate_east
32.444,-1.1326801090734822,-0.6516175202456482,1.224648961106612,navigate_east
32.546,-1.100323504647981,-0.6676899862384016,1.2243005635334618,navigate_east
32.646,-1.068612661064532,-0.6834129368365361,1.2239585292286435,navigate_east
32.746,-1.036951291723519,-0.6992112394872588,1.2236293501676767,navigate_east
32.848,-1.0047760688340845,-0.7154994102443752,1.2233065137096983,navigate_east
32.948,-0.9733614685014915,-0.7317052651117848,1.223484983908885,navigate_east
33.048,-0.942086345402061,-0.7481917468253801,1.2236710208084296,navigate_east
33.148,-0.9109511994655821,-0.7649599104182687,1.223853178000615,navigate_east
33.25,-0.8793474620329365,-0.7823397444133157,1.2240333910883316,navigate_east
33.35,-0.8485924575225842,-0.7997592198580101,1.2242109548131321,navigate_east
33.45,-0.8179560206324051,-0.8174718908132822,1.2243737997667226,navigate_east
33.552,-0.7868189744717973,-0.8357673480020098,1.2242064632952243,navigate_east
33.652,-0.7563251724606841,-0.8538311623648414,1.2238852820525234,navigate_east
33.752,-0.725876960956337,-0.8719921138602206,1.2235660821666847,navigate_east
33.854,-0.6948355892534536,-0.8905735584595194,1.2232437511435008,navigate_east
33.954,-0.6644324705775443,-0.9088438799198615,1.222930351164631,navigate_east
34.054,-0.6340656157746253,-0.9271703713164147,1.2226217989822659,navigate_east
34.154,-0.6037245584066647,-0.9455476376080898,1.2224527948608757,navigate_east
34.256,-0.5727531127565619,-0.9643034474617984,1.2225580249079684,navigate_east
34.356,-0.5421201574827603,-0.9823763153540682,1.2226702155648557,navigate_east
34.456,-0.511342586384514,-1.0001677050746298,1.22279205780556,navigate_east
34.558,-0.47994383431639515,-1.0181908259858652,1.2229244976607065,navigate_east
34.658,-0.4491636162934855,-1.0358257766861723,1.223041134545582,navigate_east
34.758,-0.41841603082309053,-1.0534819744389572,1.2230592477423496,navigate_east
34.86,-0.3871112791211036,-1.0715616567547601,1.2227962458516342,navigate_east
34.96,-0.35650251657991266,-1.0893995502817082,1.2225413624696209,navigate_east
35.06,-0.3259375728253548,-1.1073415736586467,1.2222920597992057,navigate_east
35.162,-0.2948529584626752,-1.125780617606613,1.2220414631620495,navigate_east
35.262,-0.2644480774934077,-1.1439882405412083,1.2218002492503777,navigate_east
35.362,-0.23396159256921287,-1.1621770134577352,1.221560926731075,navigate_east
35.462,-0.2033883385646892,-1.1802259772743617,1.221642285547062,navigate_east
35.564,-0.17219767241763914,-1.1985881973219994,1.2217577582988215,navigate_east
35.664,-0.1416756811069277,-1.216636318607085,1.221893855036878,navigate_east
35.764,-0.11119685659765649,-1.2347563037144886,1.2220363848812676,navigate_east
35.866,-0.08009977352541499,-1.2532581861652219,1.2221822432209706,navigate_east
35.966,-0.04963369655662783,-1.2714263683877072,1.2223169903876985,navigate_east
36.066,-0.01921910135678388,-1.2896571434778437,1.2221406895470561,navigate_east
36.168,0.011756957140752625,-1.3083262803547304,1.2219314094535842,navigate_east
36.268,0.0420588342416269,-1.3267382529830598,1.2217310044176433,navigate_east
36.368,0.07227598563770563,-1.345275695953375,1.2215356096728571,navigate_east
36.468,0.10238487399944808,-1.3639768599270732,1.2213444161863656,navigate_east
36.57,0.13303386106086743,-1.3831841029625571,1.2211564742365186,navigate_east
36.67,0.16303181449267568,-1.40211629189801,1.2212208635850537,navigate_east
36.77,0.1930069183557896,-1.4211240260915556,1.2213607862113698,navigate_east
36.872,0.22358503493189877,-1.4405331941021118,1.2215072867238945,navigate_east
36.972,0.25353887506978945,-1.459601787614224,1.221655330395061,navigate_east
37.072,0.2834653335798794,-1.4787095316331615,1.2218067980096867,navigate_east
37.174,0.31393763187652113,-1.4982651812840833,1.2219324826689923,navigate_east
37.274,0.34374323269459517,-1.517534765014769,1.2217697213054668,navigate_east
37.374,0.373485593227487,-1.5369030819646998,1.221610212435479,navigate_east
37.476,0.403758097678505,-1.5567885016336573,1.2214449904969906,navigate_east
37.576,0.43339979397105044,-1.5763413744091446,1.2212874271946141,navigate_east
37.676,0.4629847989658498,-1.5959843616618117,1.2211304941180796,navigate_east
37.776,0.49254106286265037,-1.6157008528832058,1.2210045863097854,navigate_east
37.878,0.5223896318735618,-1.635725845068382,1.221176196560208,navigate_east
37.978,0.5486734023195802,-1.654078187312483,1.2213328865515498,navigate_east
38.078,0.5734762358093027,-1.6715916954789243,1.2215102360710097,navigate_east
38.18,0.5971219058858704,-1.6885945393596422,1.2216888994837396,navigate_east
38.28,0.6183619664492446,-1.7044073973267475,1.2218678083549905,navigate_east
38.38,0.6387410048948315,-1.7198827842612405,1.2219140965033215,navigate_east
38.482,0.6602177235653922,-1.7360255213214972,1.221784602925884,navigate_east
38.582,0.67985160944541,-1.7512215174777779,1.221666671841702,navigate_east
38.682,0.6978500552201368,-1.765581911080573,1.2215467190050697,navigate_east
38.784,0.7146548749764898,-1.7793017500377348,1.2214212223655245,navigate_east
38.884,0.7299191685702091,-1.7918651504594423,1.2212949382221163,navigate_east
38.984,0.743978482640827,-1.8035121680671597,1.2211686831594566,navigate_east
39.084,0.7569182292190209,-1.8142733238406188,1.2210417533656006,navigate_east
39.186,0.76908434641856,-1.824406313182685,1.220972506883776,navigate_east
39.286,0.7801480476509298,-1.8335961588174265,1.2212132643708937,navigate_east
39.386,0.7902903625046346,-1.8419835302649266,1.2214606701771142,navigate_east
39.488,0.7998056057400447,-1.8497780149002003,1.2217195207198264,navigate_east
39.588,0.8084670510341982,-1.8567733871914165,1.2219816380155006,navigate_east
39.688,0.8169272711316105,-1.8633599046356677,1.2222543502014385,navigate_east
39.79,0.8256422308334119,-1.8698005974063003,1.2225380554272773,navigate_east
39.89,0.8343069946678746,-1.8758614955426982,1.2228203184169537,navigate_east
39.99,0.8430645699705056,-1.8817141098573573,1.223106775151078,navigate_east
40.09,0.8518992705773222,-1.887395549918734,1.2233974542198647,navigate_east
40.192,0.8609657541272786,-1.8930507516377733,1.223697510570938,navigate_east
40.292,0.869898124794518,-1.898497381283191,1.223995007829078,navigate_east
40.392,0.8788715087382578,-1.9038576746896072,1.2242952432484946,navigate_east
40.494,0.8880721025499767,-1.9092255624189352,1.224604091861943,navigate_east
40.594,0.8971318456696096,-1.914449575558921,1.2245054195456386,navigate_east
40.694,0.904258303200149,-1.9188257024036768,1.2243935162916726,navigate_north
40.796,0.9024481536733454,-1.9145915530048083,1.2243775417105645,navigate_north
40.896,0.9011697258760971,-1.8968965137208336,1.224282002372762,navigate_north
40.996,0.9023715513321066,-1.871002508240341,1.2245233418159123,navigate_north
41.098,0.9055450934575999,-1.838943673065445,1.2247296233431437,navigate_north
41.198,0.9098215610337475,-1.8039112487775235,1.2249224365736742,navigate_north
41.298,0.9146562588939149,-1.766536183518339,1.2250733125764353,navigate_north
41.398,0.9196839250790122,-1.7278211754765997,1.2248518376142217,navigate_north
41.5,0.9247676983899307,-1.6872053445059985,1.2246207656529857,navigate_north
41.6,0.92957124252175,-1.6466894210543939,1.2244530522566381,navigate_north
41.7,0.9341036445605434,-1.605764356720147,1.2246112115154508,navigate_north
41.802,0.9390482723545317,-1.5638945174371555,1.2247545375838047,navigate_north
41.902,0.9464850230495282,-1.5231543419401485,1.2248568304270688,navigate_north
42.002,0.9541765391379733,-1.4820875954159711,1.224668462427222,navigate_north
42.104,0.9615022967045855,-1.4398332050159985,1.2244891884816564,navigate_north
42.204,0.967962447278312,-1.3981727425139934,1.2245676054363788,navigate_north
42.304,0.9738401587975658,-1.3564029679125829,1.2247136603814972,navigate_north
42.404,0.9791945003191751,-1.3145849473899234,1.2248435056733968,navigate_north
42.506,0.9841781660374558,-1.271944715734295,1.2246569906802844,navigate_north
42.606,0.988593364627161,-1.2301529507916593,1.2244740953862994,navigate_north
42.706,0.9925698804751645,-1.1883983852983326,1.22441118792899,navigate_north
42.808,0.9961722104226843,-1.1458550841186732,1.224578016787881,navigate_north
42.908,1.0015601677114945,-1.1046476965241105,1.2247156772340004,navigate_north
43.008,1.0079638818613659,-1.063461337131718,1.2246551037025273,navigate_north
43.11,1.0141546800295613,-1.0211864582439916,1.2244851020708678,navigate_north
43.21,1.019580061833825,-0.9795850457576977,1.2243378882004834,navigate_north
43.31,1.0245354693193984,-0.9378966344573554,1.2244993639028892,navigate_north
43.412,1.029193483322668,-0.8953674061692751,1.2246784304608984,navigate_north
43.512,1.0333595414415886,-0.8536788742164292,1.224751721730566,navigate_north
43.612,1.037100307626672,-0.8120036058203137,1.224608982586749,navigate_north
43.712,1.040417707088027,-0.7703405947982298,1.2244688435353712,navigate_north
43.814,1.0437321559807475,-0.7279955370979957,1.2245237599276169,navigate_north
43.914,1.049585246459382,-0.6870222138058827,1.2247005443639516,navigate_north
44.014,1.0557632155510417,-0.6458615512142645,1.2249038900810028,navigate_north
44.116,1.0617140626540496,-0.603622077821915,1.2248229773980184,navigate_north
44.216,1.067003326097571,-0.5620765333329921,1.224683561738903,navigate_north
44.316,1.0718423991218378,-0.5204142344441915,1.2245723549151255,navigate_north
44.418,1.076310692390563,-0.4778990367866539,1.2247995949847834,navigate_north
44.518,1.0802377249111736,-0.43622006724075607,1.225030734124436,navigate_north
44.618,1.083616583689225,-0.39454892464894553,1.2250581316600426,navigate_north
44.718,1.0865912376922169,-0.3529339296611497,1.2249428089780676,navigate_north
44.82,1.0892589950688032,-0.3105560724465009,1.2248259335321394,navigate_north
44.92,1.0939558800327007,-0.2695331844657967,1.2249824156159375,navigate_north
45.02,1.0997306025112343,-0.22850588146519477,1.225216071660178,navigate_north
45.122,1.1053886253264742,-0.18639346055363387,1.2253835330516432,navigate_north
45.222,1.1104470469890988,-0.1449143757852192,1.2252698397111703,navigate_north
45.322,1.1150802313341313,-0.10333230131644196,1.2251402433782996,navigate_north
45.424,1.1193641536748984,-0.06088213390711707,1.2251397811779274,navigate_north
45.524,1.123207328224078,-0.01928202015902592,1.22543008028951,navigate_north
45.624,1.1266280021386637,0.022327931563246018,1.2257135379751045,navigate_north
45.726,1.1297375405910972,0.06472651232857021,1.2256376392405461,navigate_north
45.826,1.1325358085374109,0.10622694926596117,1.225506229477173,navigate_north
45.926,1.1376528438680265,0.1471865450800299,1.2254857758058326,navigate_north
46.026,1.143611067236603,0.18823601660671646,1.2257762064340234,navigate_north
46.128,1.1494024046421807,0.2303766555985543,1.2260770776279089,navigate_north
46.228,1.1547138926730682,0.27185822045099434,1.2261829864629534,navigate_north
46.328,1.1595914747367138,0.31344355589651623,1.2260297355809155,navigate_north
46.43,1.164055212610802,0.3559275378529463,1.225878214303574,navigate_north
46.53,1.167956203715037,0.3975856237958259,1.2260958649719413,navigate_north
46.63,1.171417803306562,0.43922078778586465,1.226420885343776,navigate_north
46.732,1.1745832493610773,0.4816403837071397,1.2266835137056606,navigate_north
46.832,1.1773934923393328,0.5231699964758108,1.2265308003560922,navigate_north
46.932,1.1814157876877909,0.5643380260380755,1.226655778960852,navigate_north
47.034,1.187490761137707,0.6061076362552427,1.2268349564562966,navigate_north
47.134,1.1933068965824503,0.647338098516746,1.227161577028029,navigate_north
47.234,1.1986374116641452,0.688802117264205,1.2274947490161352,navigate_north
47.334,1.2034656171719915,0.7303963748144439,1.227476140228732,navigate_north
47.436,1.2078512385703137,0.7728907048851565,1.2272802266299103,navigate_north
47.536,1.2115605209625608,0.8145782264225662,1.2270949957576707,navigate_north
47.636,1.214701343846536,0.8562467995994769,1.2274237179581036,navigate_north
47.738,1.2173963434204813,0.8987001738777555,1.2277737394266797,navigate_north
47.838,1.2195343846978284,0.9402656244481492,1.2279494494603687,navigate_north
47.938,1.2213976930900199,0.981702085209838,1.2277624536143992,navigate_north
48.04,1.225881330329678,1.0234177495202188,1.2275754364869473,navigate_north
48.14,1.230533258300672,1.064518063579655,1.2276707444607244,navigate_north
48.24,1.2345583283503434,1.105904692995311,1.2280013129312524,navigate_north
48.34,1.2378904163582773,1.147426531571458,1.2283228546626652,navigate_north
48.442,1.2405129133977648,1.1898360030377855,1.2280975754226264,navigate_north
48.542,1.242315474206092,1.2314088723472971,1.2278428040177876,navigate_north
48.642,1.2433598798463503,1.2729362311662087,1.227725798040516,navigate_north
48.744,1.2436770274955595,1.3151932211241695,1.2280733286403738,navigate_north
48.844,1.2432016397812933,1.3565134468724303,1.2284065569871743,navigate_north
48.944,1.2431370701632571,1.3974666389825299,1.228486675685826,navigate_north
49.046,1.2456099093747866,1.4388558805472975,1.2282348010765525,navigate_north
49.146,1.2476672965377191,1.479763467497443,1.227961747876356,navigate_north
49.246,1.2485741373286074,1.5209628090098288,1.2280183362321937,navigate_north
49.348,1.2484617596045564,1.5630412005661145,1.2283106858777493,navigate_north
49.448,1.2473293651004924,1.6042387543344594,1.2285082684378434,navigate_north
49.548,1.2452926396147381,1.6452836527636137,1.2282182276722395,navigate_north
49.648,1.2430495137066018,1.685559671107627,1.2279234820981675,navigate_north
49.75,1.2412599955504589,1.7247171625907238,1.227766367895983,navigate_north
49.85,1.238689973010625,1.7619404715769496,1.2280254914216655,navigate_north
49.95,1.235297750508497,1.7983382775444694,1.2282927199485665,navigate_north
50.052,1.2316405305316134,1.834821632990793,1.2283210252345067,navigate_north
50.152,1.2274034561991334,1.8702172242530783,1.227995990279275,navigate_north
50.252,1.2228312897540832,1.9048611651330873,1.227672349310348,navigate_north
50.354,1.2181849143967338,1.9387679471216706,1.2273992293298108,navigate_north
50.454,1.213212812411984,1.9702592441003155,1.2276317353306108,navigate_north
50.554,1.206589175363008,2.000964960809631,1.2278815837186414,navigate_north
50.654,1.200207032291006,2.030160706902821,1.2281044040799933,navigate_north
50.756,1.1943600621092934,2.0581077621576065,1.227917413015031,navigate_north
50.856,1.1891787772922724,2.083607777701251,1.2275824247962754,navigate_north
50.956,1.184522735256943,2.1071873313828866,1.227246474457101,navigate_north
51.058,1.1802621049016784,2.1292920779880147,1.2269022350866585,navigate_north
51.158,1.1764641202667636,2.1491685368938382,1.226650174961977,navigate_north
51.258,1.17305027480586,2.167327294337675,1.226838455945023,navigate_north
51.36,1.1698799235940707,2.184081028621985,1.2270294423492716,navigate_north
51.46,1.1668211679339242,2.1989661839657013,1.2272215717007218,navigate_north
51.56,1.1633232624986245,2.212770910621537,1.2274147174497971,navigate_north
51.662,1.1592167422544872,2.22603394798461,1.2276112352558808,navigate_north
51.762,1.1547163711177066,2.238386177790572,1.2278013544651667,navigate_north
51.862,1.1498063123838396,2.250276632733655,1.227621626239415,navigate_north
51.962,1.1445251425760028,2.2616646970954637,1.2272994913091437,navigate_north
52.064,1.138767873133403,2.2727829198843774,1.2269726587490293,navigate_north
52.164,1.1327607006732683,2.2832388716431895,1.2266567268285542,navigate_north
52.264,1.126470723443181,2.293273266187174,1.226342817051183,navigate_north
52.366,1.1206371219240643,2.302738926561891,1.2260331829364635,navigate_north
52.466,1.1204598571779139,2.3064198482509974,1.2257453076683167,navigate_home
52.566,1.1108602594406025,2.298980780711057,1.2252143670061135,navigate_home
52.668,1.0964932032040213,2.281209339631087,1.2247780626816218,navigate_home
52.768,1.079866595868693,2.2571392743804695,1.2244031538002151,navigate_home
52.868,1.0615641218139158,2.2287977696802184,1.2240607764467675,navigate_home
52.968,1.041852489689475,2.197970931272235,1.223817607453315,navigate_home
53.07,1.0205833222577174,2.1651695184777493,1.2237933430907662,navigate_home
53.17,0.99871475680017,2.1320963577786083,1.2239393186865255,navigate_home
53.27,0.9759984441518514,2.0986349748128985,1.2240800695570142,navigate_home
53.372,0.9521757126146136,2.0643728103127708,1.2239634397178516,navigate_home
53.472,0.9285261733874609,2.0307132697838854,1.223719331118679,navigate_home
53.572,0.9059814883661398,1.996288353587653,1.223484115645882,navigate_home
53.674,0.8828610455708948,1.960980546350403,1.2233935112361092,navigate_home
53.774,0.8598535779139268,1.9263974282670235,1.223511629798453,navigate_home
53.874,0.8363971659083017,1.8919930516719208,1.2236781985372187,navigate_home
53.976,0.8119072302859366,1.8572303986810492,1.2238337653976952,navigate_home
54.076,0.7873968728326148,1.823542150591152,1.223671310654291,navigate_home
54.176,0.7624652251794775,1.7902398997742501,1.2234417139364848,navigate_home
54.276,0.7371587037399807,1.7573298854701578,1.2232362022359808,navigate_home
54.378,0.7110328819452957,1.7241236615517928,1.2232200466140881,navigate_home
54.478,0.6851701507111998,1.691909802653774,1.2233596616691689,navigate_home
54.578,0.6612806675376465,1.6588045815414438,1.2234518806407328,navigate_home
54.68,0.6378919860329826,1.6241874920804498,1.2233705920855906,navigate_home
54.78,0.6144320625047276,1.5902533383986084,1.2231712018099652,navigate_home
54.88,0.5904574281688103,1.5564840345059792,1.2229767596930743,navigate_home
54.982,0.5654615401379097,1.5223365347777245,1.2228625496820815,navigate_home
55.082,0.5404803919603252,1.4892079284762316,1.222988089927988,navigate_home
55.182,0.5150000604696032,1.456501014549615,1.2231614299215492,navigate_home
55.284,0.4884960126323724,1.4236200408440827,1.2233315301522152,navigate_home
55.384,0.46215007225807625,1.3918252780250395,1.223173384193453,navigate_home
55.484,0.4355243487040177,1.3604329160825588,1.2230113550229234,navigate_home
55.584,0.41137673247365364,1.3278446663689372,1.2228815453673616,navigate_home
55.686,0.3876823933371596,1.2937102603769663,1.2228036846908354,navigate_home
55.786,0.36411992654846076,1.2600927594178433,1.222908433251801,navigate_home
55.886,0.34008390019263957,1.2265438322817819,1.2230875211016152,navigate_home
55.988,0.31504371548107246,1.192560610624964,1.2232004828192091,navigate_home
56.088,0.2900248067369607,1.159558158385135,1.2230505394576197,navigate_home
56.188,0.2646656940397956,1.1268412062963373,1.2229058243112545,navigate_home
56.29,0.23850616424008245,1.0937829298539232,1.222759301470789,navigate_home
56.39,0.21251761762931293,1.0617121638541576,1.223016635822512,navigate_home
56.49,0.18623220310613928,1.0299908640366884,1.2232301720999381,navigate_home
56.59,0.16106555568070205,0.9978540857044325,1.2233909539692287,navigate_home
56.692,0.13727421470314236,0.9638312493520516,1.2234817403019624,navigate_home
56.792,0.11368638184090173,0.9302719040608347,1.223356021057988,navigate_home
56.892,0.08948526978324176,0.8968508222248812,1.2232322151733934,navigate_home
56.994,0.06426032459897218,0.8630184414485207,1.2231104393504457,navigate_home
57.094,0.03906740075682335,0.8301676566628701,1.2232150957068886,navigate_home
57.194,0.013457101154772222,0.797667935814583,1.2234543275481262,navigate_home
57.296,-0.0130349191258486,0.7649039495949334,1.2237079731047122,navigate_home
57.396,-0.03925791652317279,0.7330982918114155,1.2237356068406118,navigate_home
57.496,-0.06572573690243017,0.7016181681100527,1.2236287413673244,navigate_home
57.598,-0.09228104028614333,0.6694089479143727,1.2234935401181661,navigate_home
57.698,-0.11812772297401335,0.6377433932440145,1.2233979849345045,navigate_home
57.798,-0.14430550754263846,0.6062616947738803,1.223699468567678,navigate_home
57.898,-0.17077118789681747,0.5750133589878317,1.2239625465091708,navigate_home
58.0,-0.19806465786492633,0.5434271093301463,1.2242349975610398,navigate_home
58.1,-0.22510247781072257,0.5127589150759211,1.2243054136761096,navigate_home
58.2,-0.2523974736887546,0.4823900350317386,1.2242106576671912,navigate_home
58.302,-0.28046757050503346,0.45172200912215743,1.2241057713745354,navigate_home
58.402,-0.3081234820825259,0.42190072505498305,1.2240047608285365,navigate_home
58.502,-0.3356037231425773,0.39232205753943444,1.2241093387771735,navigate_home
58.604,-0.36209932725548427,0.3623760787196317,1.2243952549735064,navigate_home
58.704,-0.3883348849899624,0.33267181906009713,1.2247012346279125,navigate_home
58.804,-0.41382021054224893,0.30300104241402825,1.2249782883164504,navigate_home
58.904,-0.43810599481850415,0.274095369438097,1.224886363463979,navigate_home
59.006,-0.4629732934306151,0.24566556942405024,1.22476339441476,navigate_home
59.106,-0.4876299283713724,0.21870869975916662,1.2246177557300408,navigate_home
59.206,-0.5126255466334488,0.19256649120029695,1.2244889136725068,navigate_home
59.308,-0.5384453549957585,0.16663612869471084,1.2246572118144845,navigate_home
59.408,-0.56408880917486,0.1418984267153524,1.2249877633045152,navigate_home
59.508,-0.5900492655195485,0.11780619564837046,1.2253222224755091,navigate_home
59.61,-0.6169674301330952,0.09394259519940414,1.2256728677651052,navigate_home
59.71,-0.6443849383795821,0.07173366699266465,1.2257202535366505,navigate_home
59.81,-0.6722058241765422,0.050497826907273155,1.2255606557484964,navigate_home
59.912,-0.7003417843050211,0.02927562519327991,1.2253940079173395,navigate_home
60.012,-0.7277147412550116,0.008656532708489229,1.225218836774708,navigate_home
60.112,-0.755290779254592,-0.011560551453409916,1.2250187604566822,navigate_home
60.212,-0.7834293802120564,-0.03113305152258266,1.2248947760566837,navigate_home
60.314,-0.8127625286469748,-0.05019789509037225,1.22507469329485,navigate_home
60.414,-0.8420477060233795,-0.06785217315817386,1.225432614695822,navigate_home
60.514,-0.8717618247112728,-0.08443762271019167,1.225794640042802,navigate_home
60.616,-0.902406781136755,-0.10029146753781054,1.2261798839877984,navigate_home
60.716,-0.9327806790728085,-0.11469591537784127,1.2265396709483343,navigate_home
60.816,-0.96337064867987,-0.12808085038310346,1.2268915833368317,navigate_home
60.918,-0.9947798530010892,-0.14075741058545296,1.2266774063486185,navigate_home
61.018,-1.0257961564757374,-0.15211982999556262,1.2264335333995198,navigate_home
61.118,-1.0590397057773586,-0.16210010531014277,1.226162986490909,navigate_home
61.218,-1.0945015527005446,-0.17109105472945646,1.2259044885026864,navigate_home
61.32,-1.1311467545854839,-0.1796604119008427,1.2256438919296107,navigate_home
61.42,-1.1672628435366124,-0.18743648477092625,1.2253835842065164,navigate_home
61.52,-1.203453456565867,-0.1946021367504417,1.2251179874770093,navigate_home
61.622,-1.2388195094676582,-0.201628763205608,1.22487605198985,navigate_home
61.722,-1.2709503355687275,-0.20846499231784488,1.2246349916608277,navigate_home
61.822,-1.3023743445879532,-0.21483017116930622,1.2243842675707102,navigate_home
61.924,-1.3344381470906705,-0.22047439660404158,1.2241516944581565,navigate_home
62.024,-1.366000574002561,-0.22486772835187996,1.2239252922206574,navigate_home
62.124,-1.397517101635159,-0.22820415900988186,1.2236850760287203,navigate_home
62.226,-1.429548194638338,-0.23071257492001365,1.2234552762038196,navigate_home
62.326,-1.4608474455339668,-0.2324259837411227,1.2234300446736726,navigate_home
62.426,-1.4920567232113047,-0.23343397824522133,1.2234381361520723,navigate_home
62.526,-1.5231751445750608,-0.2337846312987299,1.2234418835155088,navigate_home
62.628,-1.5548624557833168,-0.2335477499979366,1.223426560264839,navigate_home
62.728,-1.5856836563097039,-0.23328801902164784,1.223404957047254,navigate_home
62.828,-1.616486524961356,-0.2329331101536167,1.2233770463304554,navigate_home
62.93,-1.6479485594015815,-0.23225906153300296,1.2233525055049366,navigate_home
63.03,-1.678810643942378,-0.23109455616362312,1.2233204379900973,navigate_home
63.13,-1.709614133714237,-0.22938499582380614,1.2232890078775354,navigate_home
63.232,-1.7409523145028794,-0.22707815619159993,1.2232450438895985,navigate_home
63.332,-1.771581568704982,-0.2242704357313768,1.2231980945471594,navigate_home
63.432,-1.8021126551969193,-0.2209243294460431,1.2231461073622367,navigate_home
63.534,-1.8331482423717562,-0.2169251620262915,1.2230855239756282,navigate_home
63.634,-1.863449084737395,-0.21246349983578505,1.2230199454510893,navigate_home
63.734,-1.8936253641361889,-0.20752004998625004,1.2229521303343187,navigate_home
63.834,-1.9236357167621445,-0.20215180165958693,1.2228789737647472,navigate_home
63.936,-1.9530348356023912,-0.1965207098347119,1.2228058028003173,navigate_home
64.036,-1.979854962857773,-0.19094206552793916,1.2227308554327565,navigate_home
64.138,-2.0051515454419135,-0.18496863779399633,1.2226484853994524,navigate_home
64.24,-2.030722199608658,-0.1778534944662903,1.2225666748365338,navigate_home
64.34,-2.0553311643373124,-0.17024618094361862,1.2224800791089425,navigate_home
64.442,-2.078567491497425,-0.16257047915203693,1.2223835793350384,navigate_home
64.542,-2.099485067587319,-0.15529711780616295,1.2222818743952375,navigate_home
64.644,-2.1190488009626836,-0.1482095159647071,1.2221767477575673,navigate_home
64.746,-2.1370116187780948,-0.14158927784437522,1.2219411439369603,navigate_home
64.846,-2.153207469482463,-0.13550620972529692,1.2216570607284778,navigate_home
64.948,-2.1683501490273254,-0.12972242709595316,1.2213712625704198,navigate_home
65.048,-2.181968395232409,-0.12443765123756154,1.2210920911809595,navigate_home
65.15,-2.1947410288408213,-0.11939551241207055,1.220810516341203,navigate_home
65.252,-2.2064916436276536,-0.1146700881382356,1.2205336830492661,navigate_home
65.352,-2.2170621458813082,-0.11035385664001142,1.220263686688804,navigate_home
65.454,-2.2271162028158202,-0.106201053436495,1.219986518173634,navigate_home
65.554,-2.2367093377816385,-0.10222493354832186,1.2197160028008553,navigate_home
65.656,-2.246462765941914,-0.0981999175170921,1.2194448946772387,navigate_home
65.758,-2.256216599874062,-0.09419979161460029,1.2191760278187178,navigate_home
65.858,-2.2657767082362623,-0.09028452979303063,1.218916030546611,navigate_home
65.96,-2.275524530293801,-0.08627828327754075,1.218655985241543,navigate_home
66.06,-2.2850725615356455,-0.08233627532525889,1.2184055064887271,navigate_home
66.162,-2.294813756198849,-0.07830349358166386,1.2181553444687483,navigate_home
66.264,-2.304538846040019,-0.07424951117003763,1.2179082779513892,navigate_home
66.364,-2.314070314385989,-0.07026836473856402,1.217670806553119,navigate_home
66.466,-2.323799141185042,-0.0662240441517941,1.2174346355813206,navigate_home
